TDSFU Daily run: Mon Oct 27 17:43:42 UTC 2025 TDSFU
TDSFU Daily run: Tue Oct 28 04:45:21 UTC 2025 TDSFU
TDSFU Daily run: Wed Oct 29 04:50:06 UTC 2025 TDSFU
TDSFU Daily run: Thu Oct 30 04:45:09 UTC 2025 TDSFU
TDSFU Daily run: Fri Oct 31 04:36:31 UTC 2025 TDSFU
TDSFU Daily run: Sat Nov  1 04:32:14 UTC 2025 TDSFU
TDSFU Daily run: Sun Nov  2 04:34:49 UTC 2025 TDSFU
TDSFU Daily run: Mon Nov  3 04:41:18 UTC 2025 TDSFU
TDSFU Daily run: Tue Nov  4 04:35:05 UTC 2025 TDSFU
TDSFU Daily run: Wed Nov  5 04:35:27 UTC 2025 TDSFU
TDSFU Daily run: Thu Nov  6 04:40:48 UTC 2025 TDSFU
TDSFU Daily run: Fri Nov  7 04:34:56 UTC 2025 TDSFU
TDSFU Daily run: Sat Nov  8 04:33:48 UTC 2025 TDSFU
TDSFU Daily run: Sun Nov  9 04:34:12 UTC 2025 TDSFU
TDSFU Daily run: Mon Nov 10 04:39:27 UTC 2025 TDSFU
